{"cameraMode":{"drawMode":0,"name":"Shaded","section":"Shading Mode"},"sceneLighting":false,"audioPlay":false,"sceneViewState":{"m_AlwaysRefresh":false,"showFog":true,"showSkybox":false,"showFlares":true,"showImageEffects":true,"showParticleSystems":true,"showVisualEffectGraphs":true,"m_FxEnabled":true},"in2DMode":false,"pivot":{"x":1010.0433349609375,"y":426.38885498046877,"z":1091.5548095703125},"rotation":{"x":-0.05992857366800308,"y":0.03621136024594307,"z":-0.0021774086635559799,"w":-0.9975693225860596},"size":988.3493041992188,"orthographic":false}