{"cameraMode":{"drawMode":0,"name":"Shaded","section":"Shading Mode"},"sceneLighting":true,"audioPlay":false,"sceneViewState":{"m_AlwaysRefresh":false,"showFog":true,"showSkybox":true,"showFlares":true,"showImageEffects":true,"showParticleSystems":true,"showVisualEffectGraphs":true,"m_FxEnabled":true},"in2DMode":false,"pivot":{"x":891.1887817382813,"y":670.0098876953125,"z":-1265.376220703125},"rotation":{"x":0.03599610924720764,"y":0.00031007977668195963,"z":0.0000010498279152670876,"w":0.9993847012519836},"size":197.47276306152345,"orthographic":false}