{"cameraMode":{"drawMode":0,"name":"Shaded","section":"Shading Mode"},"sceneLighting":false,"audioPlay":false,"sceneViewState":{"m_AlwaysRefresh":false,"showFog":true,"showSkybox":false,"showFlares":true,"showImageEffects":true,"showParticleSystems":true,"showVisualEffectGraphs":true,"m_FxEnabled":true},"in2DMode":false,"pivot":{"x":18.100000381469728,"y":4.900000095367432,"z":20.399999618530275},"rotation":{"x":0.015331665985286236,"y":-0.8593451976776123,"z":0.02578556351363659,"w":0.510579526424408},"size":0.8660253882408142,"orthographic":false}