{"cameraMode":{"drawMode":0,"name":"Shaded","section":"Shading Mode"},"sceneLighting":false,"audioPlay":false,"sceneViewState":{"m_AlwaysRefresh":false,"showFog":true,"showSkybox":false,"showFlares":true,"showImageEffects":true,"showParticleSystems":true,"showVisualEffectGraphs":true,"m_FxEnabled":true},"in2DMode":false,"pivot":{"x":-9.725436210632325,"y":0.9829999208450317,"z":-4.446268558502197},"rotation":{"x":0.17078609764575959,"y":-0.3000777065753937,"z":0.05475663021206856,"w":0.9369922876358032},"size":0.30676910281181338,"orthographic":false}