{"cameraMode":{"drawMode":0,"name":"Shaded","section":"Shading Mode"},"sceneLighting":false,"audioPlay":false,"sceneViewState":{"m_AlwaysRefresh":false,"showFog":true,"showSkybox":false,"showFlares":true,"showImageEffects":true,"showParticleSystems":true,"showVisualEffectGraphs":true,"m_FxEnabled":true},"in2DMode":false,"pivot":{"x":400.66058349609377,"y":-54.342193603515628,"z":145.89608764648438},"rotation":{"x":0.0030012386851012708,"y":0.011997958645224572,"z":-0.00004208295649732463,"w":0.9999227523803711},"size":3.667708396911621,"orthographic":false}